,,,,,,,,,
,NO,CODE,LAB,LEVEL,SKILL,QUESTION,ANSWER,DIFFICULTY,EXPLANATION
,1,DIV0000000000001,PEMBAGIAN,1,Pembagian dengan 1 dan 2,0 ÷ 1,0,Mudah,"Nol dibagi berapa pun hasilnya 0, sebab tidak ada yang perlu dibagikan. 0 ÷ 1 = 0."
,2,DIV0000000000002,PEMBAGIAN,1,Pembagian dengan 1 dan 2,0 ÷ 2,0,Mudah,"Nol dibagi berapa pun hasilnya 0, sebab tidak ada yang perlu dibagikan. 0 ÷ 2 = 0."
,3,DIV0000000000003,PEMBAGIAN,1,Pembagian dengan 1 dan 2,1 ÷ 1,1,Mudah,Dibagi 1 tidak mengubah nilai; semuanya masuk ke satu kelompok. 1 ÷ 1 = 1.
,4,DIV0000000000004,PEMBAGIAN,1,Pembagian dengan 1 dan 2,2 ÷ 2,1,Mudah,Bilangan yang dibagi dirinya sendiri hasilnya selalu 1. 2 ÷ 2 = 1.
,5,DIV0000000000005,PEMBAGIAN,1,Pembagian dengan 1 dan 2,2 ÷ 1,2,Mudah,Dibagi 1 tidak mengubah nilai; semuanya masuk ke satu kelompok. 2 ÷ 1 = 2.
,6,DIV0000000000006,PEMBAGIAN,1,Pembagian dengan 1 dan 2,4 ÷ 2,2,Mudah,"Pembagian adalah lawan perkalian. Tanyakan: 2 dikali berapa sama dengan 4? Karena 2 × 2 = 4, maka 4 ÷ 2 = 2."
,7,DIV0000000000007,PEMBAGIAN,1,Pembagian dengan 1 dan 2,3 ÷ 1,3,Mudah,Dibagi 1 tidak mengubah nilai; semuanya masuk ke satu kelompok. 3 ÷ 1 = 3.
,8,DIV0000000000008,PEMBAGIAN,1,Pembagian dengan 1 dan 2,6 ÷ 2,3,Mudah,"Pembagian adalah lawan perkalian. Tanyakan: 2 dikali berapa sama dengan 6? Karena 2 × 3 = 6, maka 6 ÷ 2 = 3."
,9,DIV0000000000009,PEMBAGIAN,1,Pembagian dengan 1 dan 2,4 ÷ 1,4,Mudah,Dibagi 1 tidak mengubah nilai; semuanya masuk ke satu kelompok. 4 ÷ 1 = 4.
,10,DIV0000000000010,PEMBAGIAN,1,Pembagian dengan 1 dan 2,8 ÷ 2,4,Mudah,"Pembagian adalah lawan perkalian. Tanyakan: 2 dikali berapa sama dengan 8? Karena 2 × 4 = 8, maka 8 ÷ 2 = 4."
,11,DIV0000000000011,PEMBAGIAN,1,Pembagian dengan 1 dan 2,5 ÷ 1,5,Mudah,Dibagi 1 tidak mengubah nilai; semuanya masuk ke satu kelompok. 5 ÷ 1 = 5.
,12,DIV0000000000012,PEMBAGIAN,1,Pembagian dengan 1 dan 2,10 ÷ 2,5,Mudah,"Pembagian adalah lawan perkalian. Tanyakan: 2 dikali berapa sama dengan 10? Karena 2 × 5 = 10, maka 10 ÷ 2 = 5."
,13,DIV0000000000013,PEMBAGIAN,1,Pembagian dengan 1 dan 2,6 ÷ 1,6,Mudah,Dibagi 1 tidak mengubah nilai; semuanya masuk ke satu kelompok. 6 ÷ 1 = 6.
,14,DIV0000000000014,PEMBAGIAN,1,Pembagian dengan 1 dan 2,12 ÷ 2,6,Mudah,"Pembagian adalah lawan perkalian. Tanyakan: 2 dikali berapa sama dengan 12? Karena 2 × 6 = 12, maka 12 ÷ 2 = 6."
,15,DIV0000000000015,PEMBAGIAN,1,Pembagian dengan 1 dan 2,7 ÷ 1,7,Mudah,Dibagi 1 tidak mengubah nilai; semuanya masuk ke satu kelompok. 7 ÷ 1 = 7.
,16,DIV0000000000016,PEMBAGIAN,1,Pembagian dengan 1 dan 2,14 ÷ 2,7,Mudah,"Pembagian adalah lawan perkalian. Tanyakan: 2 dikali berapa sama dengan 14? Karena 2 × 7 = 14, maka 14 ÷ 2 = 7."
,17,DIV0000000000017,PEMBAGIAN,1,Pembagian dengan 1 dan 2,8 ÷ 1,8,Mudah,Dibagi 1 tidak mengubah nilai; semuanya masuk ke satu kelompok. 8 ÷ 1 = 8.
,18,DIV0000000000018,PEMBAGIAN,1,Pembagian dengan 1 dan 2,16 ÷ 2,8,Mudah,"Pembagian adalah lawan perkalian. Tanyakan: 2 dikali berapa sama dengan 16? Karena 2 × 8 = 16, maka 16 ÷ 2 = 8."
,19,DIV0000000000019,PEMBAGIAN,1,Pembagian dengan 1 dan 2,9 ÷ 1,9,Mudah,Dibagi 1 tidak mengubah nilai; semuanya masuk ke satu kelompok. 9 ÷ 1 = 9.
,20,DIV0000000000020,PEMBAGIAN,1,Pembagian dengan 1 dan 2,18 ÷ 2,9,Mudah,"Pembagian adalah lawan perkalian. Tanyakan: 2 dikali berapa sama dengan 18? Karena 2 × 9 = 18, maka 18 ÷ 2 = 9."
,21,DIV0000000000021,PEMBAGIAN,1,Pembagian dengan 1 dan 2,10 ÷ 1,10,Mudah,Dibagi 1 tidak mengubah nilai; semuanya masuk ke satu kelompok. 10 ÷ 1 = 10.
,22,DIV0000000000022,PEMBAGIAN,1,Pembagian dengan 1 dan 2,20 ÷ 2,10,Mudah,"Pembagian adalah lawan perkalian. Tanyakan: 2 dikali berapa sama dengan 20? Karena 2 × 10 = 20, maka 20 ÷ 2 = 10."
,23,DIV0000000000023,PEMBAGIAN,1,Pembagian dengan 1 dan 2,11 ÷ 1,11,Mudah,Dibagi 1 tidak mengubah nilai; semuanya masuk ke satu kelompok. 11 ÷ 1 = 11.
,24,DIV0000000000024,PEMBAGIAN,1,Pembagian dengan 1 dan 2,22 ÷ 2,11,Mudah,"Pembagian adalah lawan perkalian. Tanyakan: 2 dikali berapa sama dengan 22? Karena 2 × 11 = 22, maka 22 ÷ 2 = 11."
,25,DIV0000000000025,PEMBAGIAN,1,Pembagian dengan 1 dan 2,12 ÷ 1,12,Mudah,Dibagi 1 tidak mengubah nilai; semuanya masuk ke satu kelompok. 12 ÷ 1 = 12.
,26,DIV0000000000026,PEMBAGIAN,1,Pembagian dengan 1 dan 2,24 ÷ 2,12,Mudah,"Pembagian adalah lawan perkalian. Tanyakan: 2 dikali berapa sama dengan 24? Karena 2 × 12 = 24, maka 24 ÷ 2 = 12."
,27,DIV0000000000027,PEMBAGIAN,1,Pembagian dengan 5 dan 10,0 ÷ 5,0,Mudah,"Nol dibagi berapa pun hasilnya 0, sebab tidak ada yang perlu dibagikan. 0 ÷ 5 = 0."
,28,DIV0000000000028,PEMBAGIAN,1,Pembagian dengan 5 dan 10,0 ÷ 10,0,Mudah,"Nol dibagi berapa pun hasilnya 0, sebab tidak ada yang perlu dibagikan. 0 ÷ 10 = 0."
,29,DIV0000000000029,PEMBAGIAN,1,Pembagian dengan 5 dan 10,5 ÷ 5,1,Mudah,Bilangan yang dibagi dirinya sendiri hasilnya selalu 1. 5 ÷ 5 = 1.
,30,DIV0000000000030,PEMBAGIAN,1,Pembagian dengan 5 dan 10,10 ÷ 10,1,Mudah,Bilangan yang dibagi dirinya sendiri hasilnya selalu 1. 10 ÷ 10 = 1.
,31,DIV0000000000031,PEMBAGIAN,1,Pembagian dengan 5 dan 10,10 ÷ 5,2,Mudah,"Pembagian adalah lawan perkalian. Tanyakan: 5 dikali berapa sama dengan 10? Karena 5 × 2 = 10, maka 10 ÷ 5 = 2."
,32,DIV0000000000032,PEMBAGIAN,1,Pembagian dengan 5 dan 10,20 ÷ 10,2,Mudah,"Pembagian adalah lawan perkalian. Tanyakan: 10 dikali berapa sama dengan 20? Karena 10 × 2 = 20, maka 20 ÷ 10 = 2."
,33,DIV0000000000033,PEMBAGIAN,1,Pembagian dengan 5 dan 10,15 ÷ 5,3,Mudah,"Pembagian adalah lawan perkalian. Tanyakan: 5 dikali berapa sama dengan 15? Karena 5 × 3 = 15, maka 15 ÷ 5 = 3."
,34,DIV0000000000034,PEMBAGIAN,1,Pembagian dengan 5 dan 10,30 ÷ 10,3,Mudah,"Pembagian adalah lawan perkalian. Tanyakan: 10 dikali berapa sama dengan 30? Karena 10 × 3 = 30, maka 30 ÷ 10 = 3."
,35,DIV0000000000035,PEMBAGIAN,1,Pembagian dengan 5 dan 10,20 ÷ 5,4,Mudah,"Pembagian adalah lawan perkalian. Tanyakan: 5 dikali berapa sama dengan 20? Karena 5 × 4 = 20, maka 20 ÷ 5 = 4."
,36,DIV0000000000036,PEMBAGIAN,1,Pembagian dengan 5 dan 10,40 ÷ 10,4,Mudah,"Pembagian adalah lawan perkalian. Tanyakan: 10 dikali berapa sama dengan 40? Karena 10 × 4 = 40, maka 40 ÷ 10 = 4."
,37,DIV0000000000037,PEMBAGIAN,1,Pembagian dengan 5 dan 10,25 ÷ 5,5,Mudah,"Pembagian adalah lawan perkalian. Tanyakan: 5 dikali berapa sama dengan 25? Karena 5 × 5 = 25, maka 25 ÷ 5 = 5."
,38,DIV0000000000038,PEMBAGIAN,1,Pembagian dengan 5 dan 10,50 ÷ 10,5,Mudah,"Pembagian adalah lawan perkalian. Tanyakan: 10 dikali berapa sama dengan 50? Karena 10 × 5 = 50, maka 50 ÷ 10 = 5."
,39,DIV0000000000039,PEMBAGIAN,1,Pembagian dengan 5 dan 10,30 ÷ 5,6,Mudah,"Pembagian adalah lawan perkalian. Tanyakan: 5 dikali berapa sama dengan 30? Karena 5 × 6 = 30, maka 30 ÷ 5 = 6."
,40,DIV0000000000040,PEMBAGIAN,1,Pembagian dengan 5 dan 10,60 ÷ 10,6,Mudah,"Pembagian adalah lawan perkalian. Tanyakan: 10 dikali berapa sama dengan 60? Karena 10 × 6 = 60, maka 60 ÷ 10 = 6."
,41,DIV0000000000041,PEMBAGIAN,1,Pembagian dengan 5 dan 10,35 ÷ 5,7,Mudah,"Pembagian adalah lawan perkalian. Tanyakan: 5 dikali berapa sama dengan 35? Karena 5 × 7 = 35, maka 35 ÷ 5 = 7."
,42,DIV0000000000042,PEMBAGIAN,1,Pembagian dengan 5 dan 10,70 ÷ 10,7,Mudah,"Pembagian adalah lawan perkalian. Tanyakan: 10 dikali berapa sama dengan 70? Karena 10 × 7 = 70, maka 70 ÷ 10 = 7."
,43,DIV0000000000043,PEMBAGIAN,1,Pembagian dengan 5 dan 10,40 ÷ 5,8,Mudah,"Pembagian adalah lawan perkalian. Tanyakan: 5 dikali berapa sama dengan 40? Karena 5 × 8 = 40, maka 40 ÷ 5 = 8."
,44,DIV0000000000044,PEMBAGIAN,1,Pembagian dengan 5 dan 10,80 ÷ 10,8,Mudah,"Pembagian adalah lawan perkalian. Tanyakan: 10 dikali berapa sama dengan 80? Karena 10 × 8 = 80, maka 80 ÷ 10 = 8."
,45,DIV0000000000045,PEMBAGIAN,1,Pembagian dengan 5 dan 10,45 ÷ 5,9,Mudah,"Pembagian adalah lawan perkalian. Tanyakan: 5 dikali berapa sama dengan 45? Karena 5 × 9 = 45, maka 45 ÷ 5 = 9."
,46,DIV0000000000046,PEMBAGIAN,1,Pembagian dengan 5 dan 10,90 ÷ 10,9,Mudah,"Pembagian adalah lawan perkalian. Tanyakan: 10 dikali berapa sama dengan 90? Karena 10 × 9 = 90, maka 90 ÷ 10 = 9."
,47,DIV0000000000047,PEMBAGIAN,1,Pembagian dengan 5 dan 10,50 ÷ 5,10,Mudah,"Pembagian adalah lawan perkalian. Tanyakan: 5 dikali berapa sama dengan 50? Karena 5 × 10 = 50, maka 50 ÷ 5 = 10."
,48,DIV0000000000048,PEMBAGIAN,1,Pembagian dengan 5 dan 10,100 ÷ 10,10,Mudah,"Pembagian adalah lawan perkalian. Tanyakan: 10 dikali berapa sama dengan 100? Karena 10 × 10 = 100, maka 100 ÷ 10 = 10."
,49,DIV0000000000049,PEMBAGIAN,1,Pembagian dengan 5 dan 10,55 ÷ 5,11,Mudah,"Pembagian adalah lawan perkalian. Tanyakan: 5 dikali berapa sama dengan 55? Karena 5 × 11 = 55, maka 55 ÷ 5 = 11."
,50,DIV0000000000050,PEMBAGIAN,1,Pembagian dengan 5 dan 10,110 ÷ 10,11,Mudah,"Pembagian adalah lawan perkalian. Tanyakan: 10 dikali berapa sama dengan 110? Karena 10 × 11 = 110, maka 110 ÷ 10 = 11."
,51,DIV0000000000051,PEMBAGIAN,1,Pembagian dengan 5 dan 10,60 ÷ 5,12,Mudah,"Pembagian adalah lawan perkalian. Tanyakan: 5 dikali berapa sama dengan 60? Karena 5 × 12 = 60, maka 60 ÷ 5 = 12."
,52,DIV0000000000052,PEMBAGIAN,1,Pembagian dengan 5 dan 10,120 ÷ 10,12,Mudah,"Pembagian adalah lawan perkalian. Tanyakan: 10 dikali berapa sama dengan 120? Karena 10 × 12 = 120, maka 120 ÷ 10 = 12."
,53,DIV0000000000053,PEMBAGIAN,1, Pembagian dengan 3 dan 4,0 ÷ 3,0,Mudah,"Nol dibagi berapa pun hasilnya 0, sebab tidak ada yang perlu dibagikan. 0 ÷ 3 = 0."
,54,DIV0000000000054,PEMBAGIAN,1, Pembagian dengan 3 dan 4,0 ÷ 4,0,Mudah,"Nol dibagi berapa pun hasilnya 0, sebab tidak ada yang perlu dibagikan. 0 ÷ 4 = 0."
,55,DIV0000000000055,PEMBAGIAN,1, Pembagian dengan 3 dan 4,3 ÷ 3,1,Mudah,Bilangan yang dibagi dirinya sendiri hasilnya selalu 1. 3 ÷ 3 = 1.
,56,DIV0000000000056,PEMBAGIAN,1, Pembagian dengan 3 dan 4,4 ÷ 4,1,Mudah,Bilangan yang dibagi dirinya sendiri hasilnya selalu 1. 4 ÷ 4 = 1.
,57,DIV0000000000057,PEMBAGIAN,1, Pembagian dengan 3 dan 4,6 ÷ 3,2,Sedang,"Pembagian adalah lawan perkalian. Tanyakan: 3 dikali berapa sama dengan 6? Karena 3 × 2 = 6, maka 6 ÷ 3 = 2."
,58,DIV0000000000058,PEMBAGIAN,1, Pembagian dengan 3 dan 4,8 ÷ 4,2,Sedang,"Pembagian adalah lawan perkalian. Tanyakan: 4 dikali berapa sama dengan 8? Karena 4 × 2 = 8, maka 8 ÷ 4 = 2."
,59,DIV0000000000059,PEMBAGIAN,1, Pembagian dengan 3 dan 4,9 ÷ 3,3,Sedang,"Pembagian adalah lawan perkalian. Tanyakan: 3 dikali berapa sama dengan 9? Karena 3 × 3 = 9, maka 9 ÷ 3 = 3."
,60,DIV0000000000060,PEMBAGIAN,1, Pembagian dengan 3 dan 4,12 ÷ 4,3,Sedang,"Pembagian adalah lawan perkalian. Tanyakan: 4 dikali berapa sama dengan 12? Karena 4 × 3 = 12, maka 12 ÷ 4 = 3."
,61,DIV0000000000061,PEMBAGIAN,1, Pembagian dengan 3 dan 4,12 ÷ 3,4,Sedang,"Pembagian adalah lawan perkalian. Tanyakan: 3 dikali berapa sama dengan 12? Karena 3 × 4 = 12, maka 12 ÷ 3 = 4."
,62,DIV0000000000062,PEMBAGIAN,1, Pembagian dengan 3 dan 4,16 ÷ 4,4,Sedang,"Pembagian adalah lawan perkalian. Tanyakan: 4 dikali berapa sama dengan 16? Karena 4 × 4 = 16, maka 16 ÷ 4 = 4."
,63,DIV0000000000063,PEMBAGIAN,1, Pembagian dengan 3 dan 4,15 ÷ 3,5,Sedang,"Pembagian adalah lawan perkalian. Tanyakan: 3 dikali berapa sama dengan 15? Karena 3 × 5 = 15, maka 15 ÷ 3 = 5."
,64,DIV0000000000064,PEMBAGIAN,1, Pembagian dengan 3 dan 4,20 ÷ 4,5,Sedang,"Pembagian adalah lawan perkalian. Tanyakan: 4 dikali berapa sama dengan 20? Karena 4 × 5 = 20, maka 20 ÷ 4 = 5."
,65,DIV0000000000065,PEMBAGIAN,1, Pembagian dengan 3 dan 4,18 ÷ 3,6,Sedang,"Pembagian adalah lawan perkalian. Tanyakan: 3 dikali berapa sama dengan 18? Karena 3 × 6 = 18, maka 18 ÷ 3 = 6."
,66,DIV0000000000066,PEMBAGIAN,1, Pembagian dengan 3 dan 4,24 ÷ 4,6,Sedang,"Pembagian adalah lawan perkalian. Tanyakan: 4 dikali berapa sama dengan 24? Karena 4 × 6 = 24, maka 24 ÷ 4 = 6."
,67,DIV0000000000067,PEMBAGIAN,1, Pembagian dengan 3 dan 4,21 ÷ 3,7,Sedang,"Pembagian adalah lawan perkalian. Tanyakan: 3 dikali berapa sama dengan 21? Karena 3 × 7 = 21, maka 21 ÷ 3 = 7."
,68,DIV0000000000068,PEMBAGIAN,1, Pembagian dengan 3 dan 4,28 ÷ 4,7,Sedang,"Pembagian adalah lawan perkalian. Tanyakan: 4 dikali berapa sama dengan 28? Karena 4 × 7 = 28, maka 28 ÷ 4 = 7."
,69,DIV0000000000069,PEMBAGIAN,1, Pembagian dengan 3 dan 4,24 ÷ 3,8,Sedang,"Pembagian adalah lawan perkalian. Tanyakan: 3 dikali berapa sama dengan 24? Karena 3 × 8 = 24, maka 24 ÷ 3 = 8."
,70,DIV0000000000070,PEMBAGIAN,1, Pembagian dengan 3 dan 4,32 ÷ 4,8,Sedang,"Pembagian adalah lawan perkalian. Tanyakan: 4 dikali berapa sama dengan 32? Karena 4 × 8 = 32, maka 32 ÷ 4 = 8."
,71,DIV0000000000071,PEMBAGIAN,1, Pembagian dengan 3 dan 4,27 ÷ 3,9,Sedang,"Pembagian adalah lawan perkalian. Tanyakan: 3 dikali berapa sama dengan 27? Karena 3 × 9 = 27, maka 27 ÷ 3 = 9."
,72,DIV0000000000072,PEMBAGIAN,1, Pembagian dengan 3 dan 4,36 ÷ 4,9,Sedang,"Pembagian adalah lawan perkalian. Tanyakan: 4 dikali berapa sama dengan 36? Karena 4 × 9 = 36, maka 36 ÷ 4 = 9."
,73,DIV0000000000073,PEMBAGIAN,1, Pembagian dengan 3 dan 4,30 ÷ 3,10,Sedang,"Pembagian adalah lawan perkalian. Tanyakan: 3 dikali berapa sama dengan 30? Karena 3 × 10 = 30, maka 30 ÷ 3 = 10."
,74,DIV0000000000074,PEMBAGIAN,1, Pembagian dengan 3 dan 4,40 ÷ 4,10,Sedang,"Pembagian adalah lawan perkalian. Tanyakan: 4 dikali berapa sama dengan 40? Karena 4 × 10 = 40, maka 40 ÷ 4 = 10."
,75,DIV0000000000075,PEMBAGIAN,1, Pembagian dengan 3 dan 4,33 ÷ 3,11,Sedang,"Pembagian adalah lawan perkalian. Tanyakan: 3 dikali berapa sama dengan 33? Karena 3 × 11 = 33, maka 33 ÷ 3 = 11."
,76,DIV0000000000076,PEMBAGIAN,1, Pembagian dengan 3 dan 4,44 ÷ 4,11,Sedang,"Pembagian adalah lawan perkalian. Tanyakan: 4 dikali berapa sama dengan 44? Karena 4 × 11 = 44, maka 44 ÷ 4 = 11."
,77,DIV0000000000077,PEMBAGIAN,1, Pembagian dengan 3 dan 4,36 ÷ 3,12,Sedang,"Pembagian adalah lawan perkalian. Tanyakan: 3 dikali berapa sama dengan 36? Karena 3 × 12 = 36, maka 36 ÷ 3 = 12."
,78,DIV0000000000078,PEMBAGIAN,1, Pembagian dengan 3 dan 4,48 ÷ 4,12,Sedang,"Pembagian adalah lawan perkalian. Tanyakan: 4 dikali berapa sama dengan 48? Karena 4 × 12 = 48, maka 48 ÷ 4 = 12."
,79,DIV0000000000079,PEMBAGIAN,1,Pembagian dengan 6 dan 7,0 ÷ 6,0,Mudah,"Nol dibagi berapa pun hasilnya 0, sebab tidak ada yang perlu dibagikan. 0 ÷ 6 = 0."
,80,DIV0000000000080,PEMBAGIAN,1,Pembagian dengan 6 dan 7,0 ÷ 7,0,Mudah,"Nol dibagi berapa pun hasilnya 0, sebab tidak ada yang perlu dibagikan. 0 ÷ 7 = 0."
,81,DIV0000000000081,PEMBAGIAN,1,Pembagian dengan 6 dan 7,6 ÷ 6,1,Mudah,Bilangan yang dibagi dirinya sendiri hasilnya selalu 1. 6 ÷ 6 = 1.
,82,DIV0000000000082,PEMBAGIAN,1,Pembagian dengan 6 dan 7,7 ÷ 7,1,Mudah,Bilangan yang dibagi dirinya sendiri hasilnya selalu 1. 7 ÷ 7 = 1.
,83,DIV0000000000083,PEMBAGIAN,1,Pembagian dengan 6 dan 7,12 ÷ 6,2,Sedang,"Pembagian adalah lawan perkalian. Tanyakan: 6 dikali berapa sama dengan 12? Karena 6 × 2 = 12, maka 12 ÷ 6 = 2."
,84,DIV0000000000084,PEMBAGIAN,1,Pembagian dengan 6 dan 7,14 ÷ 7,2,Sedang,"Pembagian adalah lawan perkalian. Tanyakan: 7 dikali berapa sama dengan 14? Karena 7 × 2 = 14, maka 14 ÷ 7 = 2."
,85,DIV0000000000085,PEMBAGIAN,1,Pembagian dengan 6 dan 7,18 ÷ 6,3,Sedang,"Pembagian adalah lawan perkalian. Tanyakan: 6 dikali berapa sama dengan 18? Karena 6 × 3 = 18, maka 18 ÷ 6 = 3."
,86,DIV0000000000086,PEMBAGIAN,1,Pembagian dengan 6 dan 7,21 ÷ 7,3,Sedang,"Pembagian adalah lawan perkalian. Tanyakan: 7 dikali berapa sama dengan 21? Karena 7 × 3 = 21, maka 21 ÷ 7 = 3."
,87,DIV0000000000087,PEMBAGIAN,1,Pembagian dengan 6 dan 7,24 ÷ 6,4,Sedang,"Pembagian adalah lawan perkalian. Tanyakan: 6 dikali berapa sama dengan 24? Karena 6 × 4 = 24, maka 24 ÷ 6 = 4."
,88,DIV0000000000088,PEMBAGIAN,1,Pembagian dengan 6 dan 7,28 ÷ 7,4,Sedang,"Pembagian adalah lawan perkalian. Tanyakan: 7 dikali berapa sama dengan 28? Karena 7 × 4 = 28, maka 28 ÷ 7 = 4."
,89,DIV0000000000089,PEMBAGIAN,1,Pembagian dengan 6 dan 7,30 ÷ 6,5,Sedang,"Pembagian adalah lawan perkalian. Tanyakan: 6 dikali berapa sama dengan 30? Karena 6 × 5 = 30, maka 30 ÷ 6 = 5."
,90,DIV0000000000090,PEMBAGIAN,1,Pembagian dengan 6 dan 7,35 ÷ 7,5,Sedang,"Pembagian adalah lawan perkalian. Tanyakan: 7 dikali berapa sama dengan 35? Karena 7 × 5 = 35, maka 35 ÷ 7 = 5."
,91,DIV0000000000091,PEMBAGIAN,1,Pembagian dengan 6 dan 7,36 ÷ 6,6,Sedang,"Pembagian adalah lawan perkalian. Tanyakan: 6 dikali berapa sama dengan 36? Karena 6 × 6 = 36, maka 36 ÷ 6 = 6."
,92,DIV0000000000092,PEMBAGIAN,1,Pembagian dengan 6 dan 7,42 ÷ 7,6,Sedang,"Pembagian adalah lawan perkalian. Tanyakan: 7 dikali berapa sama dengan 42? Karena 7 × 6 = 42, maka 42 ÷ 7 = 6."
,93,DIV0000000000093,PEMBAGIAN,1,Pembagian dengan 6 dan 7,42 ÷ 6,7,Sedang,"Pembagian adalah lawan perkalian. Tanyakan: 6 dikali berapa sama dengan 42? Karena 6 × 7 = 42, maka 42 ÷ 6 = 7."
,94,DIV0000000000094,PEMBAGIAN,1,Pembagian dengan 6 dan 7,49 ÷ 7,7,Sedang,"Pembagian adalah lawan perkalian. Tanyakan: 7 dikali berapa sama dengan 49? Karena 7 × 7 = 49, maka 49 ÷ 7 = 7."
,95,DIV0000000000095,PEMBAGIAN,1,Pembagian dengan 6 dan 7,48 ÷ 6,8,Sulit,"Pembagian adalah lawan perkalian. Tanyakan: 6 dikali berapa sama dengan 48? Karena 6 × 8 = 48, maka 48 ÷ 6 = 8."
,96,DIV0000000000096,PEMBAGIAN,1,Pembagian dengan 6 dan 7,56 ÷ 7,8,Sulit,"Pembagian adalah lawan perkalian. Tanyakan: 7 dikali berapa sama dengan 56? Karena 7 × 8 = 56, maka 56 ÷ 7 = 8."
,97,DIV0000000000097,PEMBAGIAN,1,Pembagian dengan 6 dan 7,54 ÷ 6,9,Sulit,"Pembagian adalah lawan perkalian. Tanyakan: 6 dikali berapa sama dengan 54? Karena 6 × 9 = 54, maka 54 ÷ 6 = 9."
,98,DIV0000000000098,PEMBAGIAN,1,Pembagian dengan 6 dan 7,63 ÷ 7,9,Sulit,"Pembagian adalah lawan perkalian. Tanyakan: 7 dikali berapa sama dengan 63? Karena 7 × 9 = 63, maka 63 ÷ 7 = 9."
,99,DIV0000000000099,PEMBAGIAN,1,Pembagian dengan 6 dan 7,60 ÷ 6,10,Sulit,"Pembagian adalah lawan perkalian. Tanyakan: 6 dikali berapa sama dengan 60? Karena 6 × 10 = 60, maka 60 ÷ 6 = 10."
,100,DIV0000000000100,PEMBAGIAN,1,Pembagian dengan 6 dan 7,70 ÷ 7,10,Sulit,"Pembagian adalah lawan perkalian. Tanyakan: 7 dikali berapa sama dengan 70? Karena 7 × 10 = 70, maka 70 ÷ 7 = 10."
,101,DIV0000000000101,PEMBAGIAN,1,Pembagian dengan 6 dan 7,66 ÷ 6,11,Sulit,"Pembagian adalah lawan perkalian. Tanyakan: 6 dikali berapa sama dengan 66? Karena 6 × 11 = 66, maka 66 ÷ 6 = 11."
,102,DIV0000000000102,PEMBAGIAN,1,Pembagian dengan 6 dan 7,77 ÷ 7,11,Sulit,"Pembagian adalah lawan perkalian. Tanyakan: 7 dikali berapa sama dengan 77? Karena 7 × 11 = 77, maka 77 ÷ 7 = 11."
,103,DIV0000000000103,PEMBAGIAN,1,Pembagian dengan 6 dan 7,72 ÷ 6,12,Sulit,"Pembagian adalah lawan perkalian. Tanyakan: 6 dikali berapa sama dengan 72? Karena 6 × 12 = 72, maka 72 ÷ 6 = 12."
,104,DIV0000000000104,PEMBAGIAN,1,Pembagian dengan 6 dan 7,84 ÷ 7,12,Sulit,"Pembagian adalah lawan perkalian. Tanyakan: 7 dikali berapa sama dengan 84? Karena 7 × 12 = 84, maka 84 ÷ 7 = 12."
,105,DIV0000000000105,PEMBAGIAN,1,Pembagian dengan 8 dan 9,0 ÷ 8,0,Mudah,"Nol dibagi berapa pun hasilnya 0, sebab tidak ada yang perlu dibagikan. 0 ÷ 8 = 0."
,106,DIV0000000000106,PEMBAGIAN,1,Pembagian dengan 8 dan 9,0 ÷ 9,0,Mudah,"Nol dibagi berapa pun hasilnya 0, sebab tidak ada yang perlu dibagikan. 0 ÷ 9 = 0."
,107,DIV0000000000107,PEMBAGIAN,1,Pembagian dengan 8 dan 9,8 ÷ 8,1,Mudah,Bilangan yang dibagi dirinya sendiri hasilnya selalu 1. 8 ÷ 8 = 1.
,108,DIV0000000000108,PEMBAGIAN,1,Pembagian dengan 8 dan 9,9 ÷ 9,1,Mudah,Bilangan yang dibagi dirinya sendiri hasilnya selalu 1. 9 ÷ 9 = 1.
,109,DIV0000000000109,PEMBAGIAN,1,Pembagian dengan 8 dan 9,16 ÷ 8,2,Sulit,"Pembagian adalah lawan perkalian. Tanyakan: 8 dikali berapa sama dengan 16? Karena 8 × 2 = 16, maka 16 ÷ 8 = 2."
,110,DIV0000000000110,PEMBAGIAN,1,Pembagian dengan 8 dan 9,18 ÷ 9,2,Sulit,"Pembagian adalah lawan perkalian. Tanyakan: 9 dikali berapa sama dengan 18? Karena 9 × 2 = 18, maka 18 ÷ 9 = 2."
,111,DIV0000000000111,PEMBAGIAN,1,Pembagian dengan 8 dan 9,24 ÷ 8,3,Sulit,"Pembagian adalah lawan perkalian. Tanyakan: 8 dikali berapa sama dengan 24? Karena 8 × 3 = 24, maka 24 ÷ 8 = 3."
,112,DIV0000000000112,PEMBAGIAN,1,Pembagian dengan 8 dan 9,27 ÷ 9,3,Sulit,"Pembagian adalah lawan perkalian. Tanyakan: 9 dikali berapa sama dengan 27? Karena 9 × 3 = 27, maka 27 ÷ 9 = 3."
,113,DIV0000000000113,PEMBAGIAN,1,Pembagian dengan 8 dan 9,32 ÷ 8,4,Sulit,"Pembagian adalah lawan perkalian. Tanyakan: 8 dikali berapa sama dengan 32? Karena 8 × 4 = 32, maka 32 ÷ 8 = 4."
,114,DIV0000000000114,PEMBAGIAN,1,Pembagian dengan 8 dan 9,36 ÷ 9,4,Sulit,"Pembagian adalah lawan perkalian. Tanyakan: 9 dikali berapa sama dengan 36? Karena 9 × 4 = 36, maka 36 ÷ 9 = 4."
,115,DIV0000000000115,PEMBAGIAN,1,Pembagian dengan 8 dan 9,40 ÷ 8,5,Sulit,"Pembagian adalah lawan perkalian. Tanyakan: 8 dikali berapa sama dengan 40? Karena 8 × 5 = 40, maka 40 ÷ 8 = 5."
,116,DIV0000000000116,PEMBAGIAN,1,Pembagian dengan 8 dan 9,45 ÷ 9,5,Sulit,"Pembagian adalah lawan perkalian. Tanyakan: 9 dikali berapa sama dengan 45? Karena 9 × 5 = 45, maka 45 ÷ 9 = 5."
,117,DIV0000000000117,PEMBAGIAN,1,Pembagian dengan 8 dan 9,48 ÷ 8,6,Sulit,"Pembagian adalah lawan perkalian. Tanyakan: 8 dikali berapa sama dengan 48? Karena 8 × 6 = 48, maka 48 ÷ 8 = 6."
,118,DIV0000000000118,PEMBAGIAN,1,Pembagian dengan 8 dan 9,54 ÷ 9,6,Sulit,"Pembagian adalah lawan perkalian. Tanyakan: 9 dikali berapa sama dengan 54? Karena 9 × 6 = 54, maka 54 ÷ 9 = 6."
,119,DIV0000000000119,PEMBAGIAN,1,Pembagian dengan 8 dan 9,56 ÷ 8,7,Sulit,"Pembagian adalah lawan perkalian. Tanyakan: 8 dikali berapa sama dengan 56? Karena 8 × 7 = 56, maka 56 ÷ 8 = 7."
,120,DIV0000000000120,PEMBAGIAN,1,Pembagian dengan 8 dan 9,63 ÷ 9,7,Sulit,"Pembagian adalah lawan perkalian. Tanyakan: 9 dikali berapa sama dengan 63? Karena 9 × 7 = 63, maka 63 ÷ 9 = 7."
,121,DIV0000000000121,PEMBAGIAN,1,Pembagian dengan 8 dan 9,64 ÷ 8,8,Sulit,"Pembagian adalah lawan perkalian. Tanyakan: 8 dikali berapa sama dengan 64? Karena 8 × 8 = 64, maka 64 ÷ 8 = 8."
,122,DIV0000000000122,PEMBAGIAN,1,Pembagian dengan 8 dan 9,72 ÷ 9,8,Sulit,"Pembagian adalah lawan perkalian. Tanyakan: 9 dikali berapa sama dengan 72? Karena 9 × 8 = 72, maka 72 ÷ 9 = 8."
,123,DIV0000000000123,PEMBAGIAN,1,Pembagian dengan 8 dan 9,72 ÷ 8,9,Sulit,"Pembagian adalah lawan perkalian. Tanyakan: 8 dikali berapa sama dengan 72? Karena 8 × 9 = 72, maka 72 ÷ 8 = 9."
,124,DIV0000000000124,PEMBAGIAN,1,Pembagian dengan 8 dan 9,81 ÷ 9,9,Sulit,"Pembagian adalah lawan perkalian. Tanyakan: 9 dikali berapa sama dengan 81? Karena 9 × 9 = 81, maka 81 ÷ 9 = 9."
,125,DIV0000000000125,PEMBAGIAN,1,Pembagian dengan 8 dan 9,80 ÷ 8,10,Sulit,"Pembagian adalah lawan perkalian. Tanyakan: 8 dikali berapa sama dengan 80? Karena 8 × 10 = 80, maka 80 ÷ 8 = 10."
,126,DIV0000000000126,PEMBAGIAN,1,Pembagian dengan 8 dan 9,90 ÷ 9,10,Sulit,"Pembagian adalah lawan perkalian. Tanyakan: 9 dikali berapa sama dengan 90? Karena 9 × 10 = 90, maka 90 ÷ 9 = 10."
,127,DIV0000000000127,PEMBAGIAN,1,Pembagian dengan 8 dan 9,88 ÷ 8,11,Sulit,"Pembagian adalah lawan perkalian. Tanyakan: 8 dikali berapa sama dengan 88? Karena 8 × 11 = 88, maka 88 ÷ 8 = 11."
,128,DIV0000000000128,PEMBAGIAN,1,Pembagian dengan 8 dan 9,99 ÷ 9,11,Sulit,"Pembagian adalah lawan perkalian. Tanyakan: 9 dikali berapa sama dengan 99? Karena 9 × 11 = 99, maka 99 ÷ 9 = 11."
,129,DIV0000000000129,PEMBAGIAN,1,Pembagian dengan 8 dan 9,96 ÷ 8,12,Sulit,"Pembagian adalah lawan perkalian. Tanyakan: 8 dikali berapa sama dengan 96? Karena 8 × 12 = 96, maka 96 ÷ 8 = 12."
,130,DIV0000000000130,PEMBAGIAN,1,Pembagian dengan 8 dan 9,108 ÷ 9,12,Sulit,"Pembagian adalah lawan perkalian. Tanyakan: 9 dikali berapa sama dengan 108? Karena 9 × 12 = 108, maka 108 ÷ 9 = 12."
,131,DIV0000000000131,PEMBAGIAN,1,Pembagian dengan 11 dan 12,0 ÷ 11,0,Mudah,"Nol dibagi berapa pun hasilnya 0, sebab tidak ada yang perlu dibagikan. 0 ÷ 11 = 0."
,132,DIV0000000000132,PEMBAGIAN,1,Pembagian dengan 11 dan 12,0 ÷ 12,0,Mudah,"Nol dibagi berapa pun hasilnya 0, sebab tidak ada yang perlu dibagikan. 0 ÷ 12 = 0."
,133,DIV0000000000133,PEMBAGIAN,1,Pembagian dengan 11 dan 12,11 ÷ 11,1,Mudah,Bilangan yang dibagi dirinya sendiri hasilnya selalu 1. 11 ÷ 11 = 1.
,134,DIV0000000000134,PEMBAGIAN,1,Pembagian dengan 11 dan 12,12 ÷ 12,1,Mudah,Bilangan yang dibagi dirinya sendiri hasilnya selalu 1. 12 ÷ 12 = 1.
,135,DIV0000000000135,PEMBAGIAN,1,Pembagian dengan 11 dan 12,22 ÷ 11,2,Sulit,"Pembagian adalah lawan perkalian. Tanyakan: 11 dikali berapa sama dengan 22? Karena 11 × 2 = 22, maka 22 ÷ 11 = 2."
,136,DIV0000000000136,PEMBAGIAN,1,Pembagian dengan 11 dan 12,24 ÷ 12,2,Sulit,"Pembagian adalah lawan perkalian. Tanyakan: 12 dikali berapa sama dengan 24? Karena 12 × 2 = 24, maka 24 ÷ 12 = 2."
,137,DIV0000000000137,PEMBAGIAN,1,Pembagian dengan 11 dan 12,33 ÷ 11,3,Sulit,"Pembagian adalah lawan perkalian. Tanyakan: 11 dikali berapa sama dengan 33? Karena 11 × 3 = 33, maka 33 ÷ 11 = 3."
,138,DIV0000000000138,PEMBAGIAN,1,Pembagian dengan 11 dan 12,36 ÷ 12,3,Sulit,"Pembagian adalah lawan perkalian. Tanyakan: 12 dikali berapa sama dengan 36? Karena 12 × 3 = 36, maka 36 ÷ 12 = 3."
,139,DIV0000000000139,PEMBAGIAN,1,Pembagian dengan 11 dan 12,44 ÷ 11,4,Sulit,"Pembagian adalah lawan perkalian. Tanyakan: 11 dikali berapa sama dengan 44? Karena 11 × 4 = 44, maka 44 ÷ 11 = 4."
,140,DIV0000000000140,PEMBAGIAN,1,Pembagian dengan 11 dan 12,48 ÷ 12,4,Sulit,"Pembagian adalah lawan perkalian. Tanyakan: 12 dikali berapa sama dengan 48? Karena 12 × 4 = 48, maka 48 ÷ 12 = 4."
,141,DIV0000000000141,PEMBAGIAN,1,Pembagian dengan 11 dan 12,55 ÷ 11,5,Sulit,"Pembagian adalah lawan perkalian. Tanyakan: 11 dikali berapa sama dengan 55? Karena 11 × 5 = 55, maka 55 ÷ 11 = 5."
,142,DIV0000000000142,PEMBAGIAN,1,Pembagian dengan 11 dan 12,60 ÷ 12,5,Sulit,"Pembagian adalah lawan perkalian. Tanyakan: 12 dikali berapa sama dengan 60? Karena 12 × 5 = 60, maka 60 ÷ 12 = 5."
,143,DIV0000000000143,PEMBAGIAN,1,Pembagian dengan 11 dan 12,66 ÷ 11,6,Sulit,"Pembagian adalah lawan perkalian. Tanyakan: 11 dikali berapa sama dengan 66? Karena 11 × 6 = 66, maka 66 ÷ 11 = 6."
,144,DIV0000000000144,PEMBAGIAN,1,Pembagian dengan 11 dan 12,72 ÷ 12,6,Sulit,"Pembagian adalah lawan perkalian. Tanyakan: 12 dikali berapa sama dengan 72? Karena 12 × 6 = 72, maka 72 ÷ 12 = 6."
,145,DIV0000000000145,PEMBAGIAN,1,Pembagian dengan 11 dan 12,77 ÷ 11,7,Sulit,"Pembagian adalah lawan perkalian. Tanyakan: 11 dikali berapa sama dengan 77? Karena 11 × 7 = 77, maka 77 ÷ 11 = 7."
,146,DIV0000000000146,PEMBAGIAN,1,Pembagian dengan 11 dan 12,84 ÷ 12,7,Sulit,"Pembagian adalah lawan perkalian. Tanyakan: 12 dikali berapa sama dengan 84? Karena 12 × 7 = 84, maka 84 ÷ 12 = 7."
,147,DIV0000000000147,PEMBAGIAN,1,Pembagian dengan 11 dan 12,88 ÷ 11,8,Sulit,"Pembagian adalah lawan perkalian. Tanyakan: 11 dikali berapa sama dengan 88? Karena 11 × 8 = 88, maka 88 ÷ 11 = 8."
,148,DIV0000000000148,PEMBAGIAN,1,Pembagian dengan 11 dan 12,96 ÷ 12,8,Sulit,"Pembagian adalah lawan perkalian. Tanyakan: 12 dikali berapa sama dengan 96? Karena 12 × 8 = 96, maka 96 ÷ 12 = 8."
,149,DIV0000000000149,PEMBAGIAN,1,Pembagian dengan 11 dan 12,99 ÷ 11,9,Sulit,"Pembagian adalah lawan perkalian. Tanyakan: 11 dikali berapa sama dengan 99? Karena 11 × 9 = 99, maka 99 ÷ 11 = 9."
,150,DIV0000000000150,PEMBAGIAN,1,Pembagian dengan 11 dan 12,108 ÷ 12,9,Sulit,"Pembagian adalah lawan perkalian. Tanyakan: 12 dikali berapa sama dengan 108? Karena 12 × 9 = 108, maka 108 ÷ 12 = 9."
,151,DIV0000000000151,PEMBAGIAN,1,Pembagian dengan 11 dan 12,110 ÷ 11,10,Sulit,"Pembagian adalah lawan perkalian. Tanyakan: 11 dikali berapa sama dengan 110? Karena 11 × 10 = 110, maka 110 ÷ 11 = 10."
,152,DIV0000000000152,PEMBAGIAN,1,Pembagian dengan 11 dan 12,120 ÷ 12,10,Sulit,"Pembagian adalah lawan perkalian. Tanyakan: 12 dikali berapa sama dengan 120? Karena 12 × 10 = 120, maka 120 ÷ 12 = 10."
,153,DIV0000000000153,PEMBAGIAN,1,Pembagian dengan 11 dan 12,121 ÷ 11,11,Sulit,"Pembagian adalah lawan perkalian. Tanyakan: 11 dikali berapa sama dengan 121? Karena 11 × 11 = 121, maka 121 ÷ 11 = 11."
,154,DIV0000000000154,PEMBAGIAN,1,Pembagian dengan 11 dan 12,132 ÷ 12,11,Sulit,"Pembagian adalah lawan perkalian. Tanyakan: 12 dikali berapa sama dengan 132? Karena 12 × 11 = 132, maka 132 ÷ 12 = 11."
,155,DIV0000000000155,PEMBAGIAN,1,Pembagian dengan 11 dan 12,132 ÷ 11,12,Sulit,"Pembagian adalah lawan perkalian. Tanyakan: 11 dikali berapa sama dengan 132? Karena 11 × 12 = 132, maka 132 ÷ 11 = 12."
,156,DIV0000000000156,PEMBAGIAN,1,Pembagian dengan 11 dan 12,144 ÷ 12,12,Sulit,"Pembagian adalah lawan perkalian. Tanyakan: 12 dikali berapa sama dengan 144? Karena 12 × 12 = 144, maka 144 ÷ 12 = 12."
